gene name,relevant rs numbers,Expected allele,risk allele
COMT,rs6270,G,C
,rs6267,G,"A, T"
,rs5031015,G,A
,rs4986871,C,T
,rs4680,G,A
CYP1A1,rs4646422,G,A
,rs35035798,A,G
,rs17861094,T,C
,rs2229150,C,T
,rs28399427,C,"G, T"
,rs34260157,C,"G, T"
,rs4987133,T,C
,rs56313657,G,"A, T"
,rs72547509,T,"A, C"
,rs1799814,C,"A, T"
,rs1048943,A,"C, G, T"
,rs41279188,C,"A, T"
,rs41279188,C,"A, T"
,rs36121583,T,G
,rs56240201,C,"G, T"
,rs28399429,G,A
,rs28399430,C,G
CYP1B1,rs28936700,G,A
,rs764338357,G,C
,rs753847648,A,G
,rs529769268,C,"G, T"
,rs59472972,G,A
,rs72549385,G,"C, T"
,rs57865060,G,A
,rs104893628,G,C
,rs72549382,G,"A, C, T"
,rs72549379,G,A
,rs55771538,G,"C, T"
,rs79204362,G,A
,rs28936413,G,A
,rs55989760,G,"A, C"
,rs148542782,C,"A, T"
,rs56010818,G,A
,rs148542782,C,"A, T"
,rs72549378,T,G
,rs104893629,A,T
,rs56175199,C,"A, T"
,rs4986888,C,G
,rs72549376,G,A
,rs868208502,G,A
,rs28936701,C,T
,rs72549372,A,G
CYP3A4,rs12721634,T,C
,rs56324128,G,A
,rs3091339,A,G
,rs55951658,A,"T, G"
,rs72552799,G,A
,rs4986907,G,A
,rs72552798,G,A
,rs4986908,G,"A, C"
,rs12721627,C,G
,rs4987161,T,C
,rs55901263,C,G
,rs55785340,T,C
,rs3208363,T,"A, G"
,rs28371759,T,C
,rs10250778,C,A
,rs67784355,C,"A, T"
,rs12721629,C,T
,rs4986909,C,"G, T"
,rs1041988,T,C
,rs4986910,T,C
,rs4986913,C,T
,rs2740574,T,A
,rs765598920,C,A
,rs1000025030,G,T
,rs1000383193,A,C
,rs1000775179,C,T
CYP11A1,rs765057534,G,A
,rs80051519,G,A
,rs121434536,C,T
,rs121434534,C,T
,rs78310315,G,A
CYP17A1,rs104894146,T,G
,rs104894153,G,A
,rs104894138,C,T
,rs104894135,T,C
,rs104894147,T,G
,rs104894148,A,T
,rs104894144,T,"A, G"
,rs104894137,C,T
,rs61754278,,
,rs104894139,,
,rs104894142,,
,rs760695410,A,T
,rs104894143,T,C
,rs104894140,T,G
,rs104894145,C,T
,rs777638364,G,A
,rs763398879,G,A
CYP19A1,rs765057534,G,A
,rs80051519,G,A
,rs121434536,C,T
,rs121434534,C,T
,rs78310315,G,A
CYP21A2,rs63749090,G,A
,rs9378251,C,T
,rs9378252,A,T
,rs550051210,C,T
,rs547552654,A,C
,rs72552750,G,A
,rs6475,T,A
,rs72552751,G,C
,rs772317717,G,A
,rs143240527,A,T
,rs111647200,T,A
,rs12530380,T,A
,rs6476,T,A
,rs750337015,T,C
,rs6471,G,"A, T, C"
,rs201552310,G,"A, C"
,rs201552310,G,"A, C"
,rs765001985,C,T
,rs72552754,G,A
,rs72552755,C,T
,rs772900496,C,T
,rs760216630,G,A
,rs574370139,G,A
,rs7769409,C,T
,rs781074931,C,T
,rs72552756,G,C
,rs72552757,C,T
,rs72552758,G,A
,rs151344504,G,A
,rs767333157,C,T
,rs6445,C,T
,rs184649564,G,A
,rs776989258,C,T
,rs200005406,G,"A, C"
,rs200005406,G,"A, C"
,rs759736443,C,T
,,,
AKR1C1,,,
,,,
AKR1C3,,,
,,,
AKR1C4,,,
HSD3B1,rs3088283,C,T
,rs4986952,G,T
,rs6201,A,G
,rs6684974,G,A
,rs6205,T,C
,rs1047303,C,A
HSD3B2,rs28934880,C,A
,rs757033996,G,A
,rs587628683,G,A
,rs80358219,G,A
,rs779418168,C,T
,rs35486059,C,T
,rs762479018,T,G
,rs759422374,A,G
,rs765547422,C,A
,rs80358220,A,"A, G"
,rs35887327,T,C
,rs80358221,C,T
,rs121964897,C,T
HSD3B7,rs104894518,G,A
,,,
HSD17B1,rs147402365,G,T
,rs605059,G,"A, C"
HSD17B2,rs8191136,G,A
,,,
HSD17B3,rs119481078,G,A
,rs747329682,C,T
,rs119481075,G,A
,rs119481077,C,T
,rs119481079,A,G
,rs747724352,G,A
,rs767259718,A,C
,rs119481076,C,"A, T"
,rs372027264,T,A
,rs115063639,A,T
,rs28939085,C,T
,rs119481074,A,G
,rs119481080,G,A
,rs144809928,C,T
HSDB7,,,
HSD17B8,rs34491699,A,G
,,,
HSD17B12,rs11555762,C,T
SRD5A2,rs9282858,G,A
,rs523349,C,G
,rs28383048,C,G
,rs9332961,G,A
,rs9332963,T,A
,rs9332963,T,A
,rs9332964,G,A
,rs9332967,G,A
SRD5A3,,,
SULT1E1,rs11569705,G,T
SULT2A1,,,
,,,
DHRS11,,,